3,13,15,3.112189365385788,0,3
15,15,13,3.111298893671018,0,3
15,15,13,3.110352820159525,0,3
4,15,2,3.109345771154539,0,3
4,15,2,3.108271657711546,0,3
4,15,2,3.107123552590285,0,3
4,15,13,3.1058935409104693,0,3
4,15,13,3.104572537715863,0,3
4,15,13,3.1031500635686053,0,3
4,15,13,3.1016139664665032,0,3
4,15,13,3.099950074491205,0,3
4,15,13,3.0981417581982624,0,3
4,15,13,3.096169374168216,0,3
4,15,13,3.0940095503128098,0,3
4,15,13,3.0916342578678506,0,3
4,15,13,3.0890095919788516,0,3
4,15,13,3.0860941483440762,0,3
4,15,13,3.0828368308740703,0,3
4,15,13,3.079173843593836,0,3
4,15,13,3.0750244898139694,0,3
4,15,2,3.070285188804503,0,3
4,15,2,3.064820762320015,0,3
4,15,2,3.058451421701352,0,3
4,15,2,3.050932766389048,0,3
4,15,2,3.0419240010986313,0,3
4,15,2,3.0309354324158977,0,3
4,15,2,3.017237659043032,0,3
4,15,2,2.999695598985629,0,2
15,1,15,3.141592653589793,0,3
5,15,1,3.141592653589793,0,3
5,15,1,3.141592653589793,0,3
5,15,12,3.141592653589793,0,3
5,15,12,3.141592653589793,0,3
5,15,12,3.141592653589793,0,3
4,15,2,0.7853981633974483,0,1
4,15,2,0.8519663271732721,0,1
4,15,2,0.9272952180016122,0,1
4,15,2,1.0121970114513341,0,1
4,15,2,1.1071487177940904,0,1
4,15,2,1.2120256565243244,0,1
4,15,2,1.3258176636680326,0,1
4,15,2,1.446441332248135,0,1
4,15,2,1.5707963267948966,0,2
15,1,15,1.5707963267948966,1,1
5,15,1,1.7126933813990606,1,1
5,15,1,1.849095985800008,1,1
5,15,1,1.97568811307998,1,1
5,15,1,2.0899424410414196,1,1
5,15,1,2.191045812777718,1,1
5,15,1,2.279422598922567,1,1
5,15,1,2.356194490192345,1,1
5,15,1,2.4227626539681686,1,1
5,15,1,2.4805494847391065,1,1
5,15,1,2.5308666892005847,1,1
5,15,1,2.5748634360662868,1,1
5,15,1,2.6135182051634334,1,1
5,15,1,2.647651284670212,1,1
5,15,1,2.677945044588987,1,1
5,15,1,2.704965493776252,1,1
5,14,1,2.729182211992406,1,1
5,13,1,2.7509856098921066,1,1
5,12,1,2.770701364777131,1,1
5,11,1,2.788602265762883,1,1
5,10,1,2.804917834203066,1,1
5,9,1,2.819842099193151,1,1
5,8,1,2.833539872566017,1,1
5,7,1,2.8461518164460733,1,1
5,6,1,2.8577985443814655,1,1
12,5,15,2.8685839505030826,1,2
5,15,1,2.90604767286893,1,2
5,15,1,2.9441970937399127,1,2
5,15,1,2.9829373914033916,1,2
5,15,15,3.0221637275714546,1,2
5,15,15,3.061762667877556,1,2
5,14,15,3.1016139664665032,0,3
3,15,3,3.099950074491205,0,3
3,15,3,3.0981417581982624,0,3
3,15,3,3.096169374168216,0,3
3,15,14,3.0940095503128098,0,3
3,15,14,3.0916342578678506,0,3
3,15,14,3.0890095919788516,0,3
3,15,14,3.0860941483440762,0,3
3,15,14,3.0828368308740703,0,3
3,15,14,3.079173843593836,0,3
3,15,14,3.0750244898139694,0,2
15,13,15,3.141592653589793,0,3
4,15,13,3.141592653589793,0,3
4,15,13,3.141592653589793,0,3
4,15,13,3.141592653589793,0,3
4,15,13,3.141592653589793,0,3
4,15,13,3.141592653589793,0,3
4,15,13,3.141592653589793,0,3
4,15,13,3.141592653589793,0,3
4,15,2,3.141592653589793,0,3
4,15,2,3.141592653589793,0,3
4,15,2,3.141592653589793,0,3
4,15,2,3.141592653589793,0,3
4,15,2,3.141592653589793,0,3
4,15,2,3.141592653589793,0,3
12,15,5,4.4674103172578254,0,3
12,15,5,4.588033985837928,0,3
12,15,5,4.71238898038469,0,3
12,15,5,4.836743974931451,0,0
6,11,8,4.854286034988854,0,0
6,10,8,4.877537657799317,0,0
6,9,8,4.90978454023457,0,0
6,8,8,4.957367643511554,0,0
6,7,8,5.034139534781332,0,0
6,6,8,5.176036589385496,0,1
6,7,11,4.71238898038469,0,0
12,15,5,4.2941646508054605,0,0
4,11,11,4.272546397568954,0,0
4,10,11,4.2487413713838835,0,0
4,9,11,4.222431654130961,0,0
4,8,11,4.193242866138167,0,0
4,7,11,4.160733997856143,0,0
4,6,11,4.124386376837123,0,0
15,5,15,4.083592693969257,0,3
5,15,12,4.145659762861183,0,3
5,15,12,4.21304225870456,0,0
15,4,15,4.171969480114106,0,0
15,3,15,4.124386376837123,0,3
3,15,14,4.205290475992353,0,3
3,15,3,4.2941646508054605,0,3
3,15,3,4.3906384259880475,0,3
3,15,3,4.493720034510748,0,3
3,15,3,4.601731759210794,0,0
15,2,15,4.588033985837928,0,0
15,1,15,4.570491925780526,1,1
1,15,5,4.434089321379578,1,1
1,15,5,4.307497194099606,1,1
1,15,5,4.193242866138167,1,1
1,15,15,4.092139494401868,1,1
1,15,15,4.003762708257019,1,1
1,15,15,3.9269908169872414,1,1
1,15,15,3.8604226532114176,1,1
1,15,15,3.8026358224404797,1,1
1,15,15,3.7523186179790016,1,1
1,15,15,3.7083218711132995,1,1
1,15,15,3.669667102016153,1,1
1,14,15,3.635534022509374,1,1
1,13,15,3.6052402625905993,1,1
1,12,15,3.5782198134033343,1,1
1,11,15,3.55400309518718,1,1
1,10,15,3.5321996972874796,1,1
1,9,15,3.512483942402455,1,1
1,8,5,3.4945830414167034,1,1
1,7,5,3.4782674729765204,1,1
1,6,5,3.4633432079864352,1,1
15,5,15,3.4496454346135694,1,0
1,15,5,3.4078447027407184,1,0
1,14,5,3.365069254730426,1,0
1,13,5,3.3214461533822712,1,0
15,12,5,3.277120367575294,0,0
15,11,5,3.232252540790538,0,0
15,10,5,3.18701593301137,0,3
3,15,3,3.1891757568667765,0,3
3,15,3,3.1915510493117356,0,3
3,15,3,3.1941757152007346,0,3
3,15,3,3.19709115883551,0,3
3,15,3,3.200348476305516,0,3
3,15,3,3.20401146358575,0,3
3,15,3,3.208160817365617,0,3
3,15,3,3.2129001183750834,0,3
3,15,3,3.218364544859571,0,3
3,15,3,3.2247338854782344,0,3
3,15,3,3.232252540790538,0,3
3,15,3,3.241261306080955,0,3
3,15,3,3.2522498747636885,0,3
3,15,3,3.2659476481365544,0,3
3,15,3,3.283489708193957,0,3
3,15,3,3.30674133100442,0,3
3,15,3,3.3389882134396736,0,3
3,15,3,3.3865713167166573,0,3
3,15,3,3.4633432079864352,0,3
3,15,3,3.6052402625905993,0,3
1,15,15,5.3474157157750035,0,1
15,15,2,5.312439193786443,0,1
15,15,2,5.275705241876658,0,1
15,15,2,5.237184752034797,0,1
15,15,2,5.196866909421713,0,1
4,15,2,5.154763203361434,0,1
4,15,2,5.11091142605111,0,1
4,15,2,5.0653793682116,0,1
4,15,2,5.018267851789542,0,1
15,15,2,4.969712695355778,0,1
15,15,2,4.919885206819893,0,1
15,15,2,4.868990857366705,0,1
15,15,2,4.817265919114924,0,0
13,14,15,4.8230462015585855,0,0
13,13,15,4.829497724951554,0,0
13,12,15,4.836743974931451,0,0
4,11,10,4.844940512681363,0,0
4,10,10,4.854286034988854,0,1
10,9,7,4.78369644516998,0,0
5,9,9,4.789160871654468,0,0
5,8,9,4.795530212273131,0,0
5,7,9,4.803048867585435,0,0
5,6,9,4.8120576328758515,0,0
14,5,15,4.8230462015585855,0,0
14,4,15,4.836743974931451,0,0
14,3,15,4.854286034988854,0,0
14,2,15,4.877537657799317,0,0
14,1,15,4.90978454023457,1,1
1,15,15,4.71238898038469,1,1
1,15,15,4.514993420534809,1,1
1,15,15,4.331882603272325,1,1
1,15,15,4.171969480114106,1,1
1,15,15,4.037648038161137,1,1
1,15,15,3.9269908169872414,1,1
1,15,15,3.836330929786496,1,1
1,15,15,3.7618421395726145,1,1
1,15,5,3.7001919689333556,1,1
1,15,5,3.64869115798213,1,1
1,15,5,3.6052402625905993,1,1
1,15,5,3.568220146716669,1,1
1,15,5,3.5363837732895544,1,1
1,15,5,3.5087664874080122,1,1
1,15,5,3.4846165940104963,1,1
1,15,5,3.4633432079864352,1,1
1,15,5,3.4444775219647643,1,1
1,15,5,3.427644095307111,1,1
1,15,15,3.4125395039282136,1,1
1,15,15,3.3989163685608816,1,1
1,15,15,3.3865713167166573,1,1
1,15,15,3.3753358344586943,1,1
1,15,15,3.365069254730426,1,1
1,15,15,3.3556533371536146,1,1
1,15,15,3.3469880427795604,1,1
1,15,15,3.3389882134396736,1,1
1,14,15,3.3315809415085087,1,1
1,13,15,3.324703470852277,1,1
1,12,15,3.3183015096598294,1,1
1,11,15,3.312327865065076,1,1
1,10,15,3.30674133100442,1,1
1,9,15,3.3015057767480123,1,1
1,8,5,3.2965893955137338,1,1
1,7,5,3.2919640815969275,1,1
1,6,5,3.2876049113010684,1,0
0,0,0,3.2587013981566573,1,1
15,5,15,3.255384660733501,1,0
1,14,5,3.2270979472679975,1,0
1,13,5,3.198673435996058,1,0
15,12,5,3.170156311428553,1,0
15,11,5,3.141592653589793,0,3
4,15,2,3.141592653589793,0,3
4,15,2,3.141592653589793,0,3
4,15,2,3.141592653589793,0,3
4,15,2,3.141592653589793,0,3
4,15,2,3.141592653589793,0,3
4,15,2,3.141592653589793,0,3
4,15,2,3.141592653589793,0,3
4,15,2,3.141592653589793,0,3
4,15,2,3.141592653589793,0,3
4,15,2,3.141592653589793,0,3
4,15,2,3.141592653589793,0,3
4,15,2,3.141592653589793,0,3
4,15,2,3.141592653589793,0,3
4,15,2,3.141592653589793,0,3
4,15,2,3.141592653589793,0,3
4,15,2,3.141592653589793,0,3
4,15,2,3.141592653589793,0,3
4,15,2,3.141592653589793,0,3
4,15,2,3.141592653589793,0,3
4,15,2,3.141592653589793,0,3
4,15,2,3.141592653589793,0,3
4,15,2,3.141592653589793,0,3
4,15,2,3.141592653589793,0,3
4,15,2,3.141592653589793,0,3
4,15,2,3.141592653589793,0,3
4,15,2,3.141592653589793,0,3
4,15,2,3.141592653589793,0,3
4,15,2,3.141592653589793,0,3
4,15,2,3.141592653589793,0,3
4,15,2,3.141592653589793,0,3
4,15,2,3.141592653589793,0,3
4,15,2,3.141592653589793,0,3
4,15,2,3.141592653589793,0,3
15,2,3,5.417957158069901,0,1
15,15,3,5.396098292019061,0,1
15,15,3,5.373432149235376,0,1
15,15,3,5.349937778523382,0,1
3,15,3,5.325596329259199,0,1
3,15,3,5.3003915839322575,0,1
3,15,3,5.274310542641505,0,1
3,15,3,5.247344054170786,0,1
14,15,3,5.2194874847770265,0,1
14,15,3,5.190741411763347,0,1
14,15,3,5.161112324395411,0,1
14,15,3,5.130613309963919,0,1
14,15,3,5.099264698115718,0,1
14,15,3,5.06709463239563,0,1
14,15,3,5.034139534781332,0,1
14,15,3,5.0004444274353155,0,1
14,15,3,4.966063076523332,0,1
14,15,3,4.931057926258632,0,1
14,15,3,4.895499797647174,0,1
14,15,3,4.859467335773092,0,1
14,15,3,4.8230462015585855,0,1
3,15,3,4.78632801804263,0,1
3,15,3,4.74940909625862,0,1
3,15,3,4.71238898038469,0,0
15,2,15,4.71238898038469,0,0
15,1,15,4.71238898038469,1,1
1,15,5,4.672410293261399,1,1
1,15,5,4.632558994672452,1,1
1,15,5,4.592960054366351,1,1
1,15,5,4.553733718198288,1,1
1,15,5,4.514993420534809,1,1
1,15,5,4.476843999663826,1,1
1,15,5,4.439380277297979,1,1
12,15,5,4.402686035842233,1,0
1,11,14,4.3906384259880475,1,0
1,10,14,4.377652143067875,1,0
1,9,14,4.363617976800782,1,0
1,8,14,4.348410023875045,1,0
1,7,14,4.331882603272325,1,0
1,6,14,4.31386653471827,1,0
15,5,15,4.2941646508054605,1,0
15,4,15,4.272546397568954,0,3
4,15,2,4.321781936687003,0,3
4,15,2,4.373096365930645,0,3
4,15,2,4.426337538667371,0,3
4,15,2,4.481298313188793,0,3
4,15,2,4.537716781376449,0,3
4,15,2,4.5952802358178255,0,3
4,15,2,4.653633157668967,0,3
4,15,2,4.71238898038469,0,3
4,15,2,4.7711448031004124,0,0
15,3,15,4.774807790380647,0,0
15,2,15,4.778957144160513,0,0
15,1,15,4.78369644516998,1,1
1,15,5,4.71238898038469,1,1
1,15,5,4.641081515599399,1,1
1,15,5,4.570491925780526,1,1
1,15,5,4.5012956471619425,1,1
1,15,5,4.434089321379578,1,1
1,15,5,4.369365039963986,1,1
1,15,5,4.307497194099606,1,1
1,15,5,4.2487413713838835,1,0
0,0,0,4.218447611465109,1,1
0,0,0,4.160733997856143,1,1
0,0,0,4.1068443167797195,1,2
15,15,15,4.141051500551063,1,1
1,15,15,4.092139494401868,1,1
1,15,15,4.04641974300558,1,1
1,15,15,4.003762708257019,1,1
1,15,15,3.9640109328611715,1,1
1,15,15,3.9269908169872414,1,1
1,15,15,3.8925217159877334,1,1
1,14,15,3.8604226532114176,1,1
1,13,15,3.8305170418046544,1,1
1,12,15,3.8026358224404797,1,1
1,11,15,3.776619388980107,1,1
1,10,15,3.7523186179790016,1,1
1,9,15,3.7295952571373605,1,1
1,8,5,3.7083218711132995,1,1
1,7,5,3.6883814944790405,1,1
1,6,5,3.669667102016153,1,1
15,5,15,3.6520809755065686,1,0
1,15,5,3.6211119455823892,1,0
1,14,5,3.589112628746963,1,0
1,13,5,3.556099528174579,1,0
15,12,5,3.522099030702158,1,3
5,15,1,3.5363837732895544,1,3
5,15,1,3.551719994131284,1,3
5,15,1,3.568220146716669,1,3
5,15,1,3.5860118634908917,1,3
5,15,1,3.6052402625905993,1,3
5,15,1,3.626070582626816,1,3
5,15,1,3.64869115798213,1,3
5,15,1,3.6733167208485984,1,3
5,15,1,3.7001919689333556,1,3
5,15,1,3.7295952571373605,1,0
15,4,15,3.682012153860377,0,0
15,3,15,3.631549979843521,0,3
3,15,3,3.660738767836316,0,3
3,15,3,3.6932476361183397,0,3
3,15,3,3.7295952571373605,0,3
3,15,3,3.7703889400052257,0,3
3,15,3,3.8163335958133455,0,3
3,15,3,3.8682349942715186,0,3
3,15,3,3.9269908169872414,0,3
3,15,3,3.993558980763065,0,3
3,15,3,4.068887871591405,0,3
3,15,3,4.153789665041128,0,3
3,15,3,4.2487413713838835,0,3
3,15,3,4.3536183101141175,0,3
3,15,3,4.4674103172578254,0,3
3,15,3,4.588033985837928,0,3
3,15,3,4.71238898038469,0,0
15,2,15,4.71238898038469,0,0
15,1,15,4.71238898038469,1,1
1,15,5,4.547240302970063,1,1
1,15,5,4.3906384259880475,1,1
1,15,5,4.2487413713838835,1,1
1,15,5,4.124386376837123,1,1
1,15,5,4.017650704187986,1,1
1,15,5,3.9269908169872414,1,1
1,15,5,3.850218925717463,1,1
1,15,5,3.7850937623830774,1,1
1,15,5,3.7295952571373605,1,1
1,15,5,3.682012153860377,1,1
1,15,5,3.640939375269923,1,1
1,15,5,3.6052402625905993,1,1
1,15,5,3.5740004291603307,1,1
1,15,5,3.5464844398748765,1,1
1,15,5,3.522099030702158,1,1
1,14,5,3.5003633238603653,1,1
1,13,5,3.4808852680438376,1,1
1,12,5,3.4633432079864352,1,1
1,11,5,3.4474715249946453,1,1
1,10,5,3.43304944806766,1,1
1,9,5,3.4198923125949046,1,1
1,8,5,3.4078447027407184,1,1
1,7,5,3.3967750442106115,1,1
1,6,5,3.3865713167166573,1,1
8,5,15,3.3771376343106563,1,0
1,7,5,3.3389882134396736,1,0
1,6,5,3.3002479157761946,1,0
1,5,5,3.2610215796081317,1,0
15,4,5,3.2214226393020304,1,0
15,3,5,3.181571340713083,0,3
3,15,2,3.1832352326883813,0,3
3,15,2,3.185043548981324,0,3
3,15,2,3.18701593301137,0,3
3,15,2,3.1891757568667765,0,3
3,15,2,3.1915510493117356,0,3
3,15,2,3.1941757152007346,0,3
3,15,2,3.19709115883551,0,3
3,15,2,3.200348476305516,0,3
3,15,2,3.20401146358575,0,3
3,15,2,3.208160817365617,0,3
3,15,2,3.2129001183750834,0,3
3,15,2,3.218364544859571,0,3
3,15,2,3.2247338854782344,0,3
3,15,2,3.232252540790538,0,3
3,15,2,3.241261306080955,0,3
3,15,2,3.2522498747636885,0,3
3,15,2,3.2659476481365544,0,3
3,15,2,3.283489708193957,0,3
3,15,2,3.30674133100442,0,0
15,2,15,3.141592653589793,0,3
2,15,3,3.141592653589793,0,3
2,15,3,3.141592653589793,0,3
2,15,3,3.141592653589793,0,3
2,15,3,3.141592653589793,0,3
2,5,4,0.9151007005533605,0,2
4,15,2,0.8760580505981934,0,2
4,15,2,0.8329812666744317,0,2
15,15,2,0.7853981633974483,0,2
15,15,2,0.7328151017865066,0,1
9,15,15,0.7853981633974483,0,1
9,15,15,0.844153986113171,0,1
9,15,15,0.9097531579442097,0,1
2,15,4,0.982793723247329,0,1
2,15,4,1.0636978224025597,0,1
2,15,4,1.1525719972156676,0,1
2,15,4,1.2490457723982544,0,1
2,15,4,1.3521273809209546,0,1
2,15,4,1.460139105621001,0,1
2,15,4,1.5707963267948966,0,1
2,15,4,1.6814535479687922,0,2
15,3,13,1.695151321341658,0,2
15,2,13,1.7126933813990606,0,3
4,12,2,1.5707963267948966,0,2
15,1,12,1.5707963267948966,1,1
5,15,1,1.7359450042095235,1,1
5,15,1,1.892546881191539,1,1
5,15,1,2.0344439357957027,1,1
5,15,1,2.158798930342464,1,1
5,15,1,2.2655346029916,1,1
5,15,1,2.356194490192345,1,1
5,15,1,2.432966381462123,1,1
5,15,1,2.498091544796509,1,1
5,15,1,2.5535900500422257,1,1
5,15,1,2.601173153319209,1,1
5,15,1,2.642245931909663,1,1
5,15,1,2.677945044588987,1,1
5,15,1,2.7091848780192556,1,1
5,15,1,2.7367008673047097,1,1
5,15,1,2.761086276477428,1,1
5,15,1,2.782821983319221,1,1
5,15,1,2.8023000391357487,1,1
5,15,1,2.819842099193151,1,1
5,15,1,2.835713782184941,1,1
5,15,1,2.8501358591119264,1,1
5,15,1,2.8632929945846817,1,1
5,15,1,2.875340604438868,1,1
5,15,1,2.8864102629689747,1,1
5,15,1,2.896613990462929,1,1
5,15,1,2.90604767286893,1,1
5,15,1,2.9147938055359073,1,1
5,15,1,2.922923707715851,1,1
5,15,1,2.930499320367047,1,1
5,14,1,2.937574673997245,1,1
5,13,1,2.9441970937399127,1,1
5,12,1,2.9504081939927786,1,1
5,11,1,2.9562447035940984,1,1
5,10,1,2.961739153797315,1,1
5,9,1,2.9669204545815537,1,1
5,8,1,2.971814379621455,1,1
5,7,1,2.976443976175166,1,1
5,6,1,2.9808299129639586,1,2
0,0,0,3.0072712116368248,1,2
0,0,0,3.0339027827569724,1,1
14,5,15,3.036715714859559,1,2
5,15,1,3.0628086926006493,1,2
5,15,15,3.0890095919788516,1,3
1,15,5,3.087591153213825,1,3
1,15,5,3.0860941483440762,1,3
1,15,5,3.0845118711835284,0,3
1,15,15,3.0828368308740703,0,3
1,15,15,3.0810606338076862,0,3
1,15,15,3.079173843593836,0,3
1,15,15,3.0771658141642395,0,3
1,15,15,3.0750244898139694,0,3
1,15,15,3.0727361642887487,0,3
1,15,15,3.070285188804503,0,3
1,15,15,3.067653615931853,0,3
1,15,15,3.064820762320015,0,2
15,15,15,3.1031500635686053,0,3
2,15,15,3.1016139664665032,0,3
2,15,15,3.099950074491205,0,3
2,15,15,3.0981417581982624,0,3
2,15,15,3.096169374168216,0,3
2,15,15,3.0940095503128098,0,3
2,15,4,3.0916342578678506,0,3
2,15,4,3.0890095919788516,0,3
2,15,4,3.0860941483440762,0,3
2,15,4,3.0828368308740703,0,3
2,15,4,3.079173843593836,0,3
2,15,4,3.0750244898139694,0,2
15,3,15,3.141592653589793,0,3
3,15,3,3.141592653589793,0,3
3,15,3,3.141592653589793,0,3
3,15,3,3.141592653589793,0,3
3,15,3,3.141592653589793,0,3
3,15,14,3.141592653589793,0,3
3,15,14,3.141592653589793,0,3
3,15,14,3.141592653589793,0,3
3,15,14,3.141592653589793,0,3
3,15,14,3.141592653589793,0,3
3,15,14,3.141592653589793,0,3
3,15,14,3.141592653589793,0,3
3,15,14,3.141592653589793,0,3
3,14,14,3.141592653589793,0,3
11,4,15,5.199288212195959,0,0
11,3,15,5.224778440695427,0,0
11,2,15,5.252808480655274,0,0
11,1,15,5.2837264602183165,1,1
1,15,15,5.231535094631212,1,1
1,15,15,5.176036589385496,1,1
1,15,15,5.117280766669773,1,1
1,15,15,5.055412920805393,1,1
1,15,15,4.990688639389801,1,1
1,15,15,4.923482313607436,1,1
1,15,15,4.854286034988854,1,1
1,15,15,4.78369644516998,1,1
1,15,15,4.71238898038469,1,1
1,15,15,4.641081515599399,1,1
1,15,15,4.570491925780526,1,1
1,15,5,4.5012956471619425,1,1
1,15,5,4.434089321379578,1,1
1,15,5,4.369365039963986,1,1
1,15,5,4.307497194099606,1,1
1,15,5,4.2487413713838835,1,1
1,15,5,4.193242866138167,1,1
1,15,5,4.141051500551063,1,1
1,15,5,4.092139494401868,1,1
1,15,5,4.04641974300558,1,1
1,15,5,4.003762708257019,1,1
1,15,15,3.9640109328611715,1,1
1,15,15,3.9269908169872414,1,1
1,15,15,3.8925217159877334,1,1
1,15,15,3.8604226532114176,1,1
1,15,15,3.8305170418046544,1,1
1,15,15,3.8026358224404797,1,1
1,15,15,3.776619388980107,1,1
1,15,15,3.7523186179790016,1,1
1,14,15,3.7295952571373605,1,1
1,13,15,3.7083218711132995,1,1
1,12,15,3.6883814944790405,1,1
1,11,15,3.669667102016153,1,1
1,10,15,3.6520809755065686,1,1
1,9,15,3.635534022509374,1,1
1,8,5,3.6199450849684505,1,1
1,7,5,3.6052402625905993,1,1
1,6,5,3.5913522666596323,1,1
15,5,15,3.5782198134033343,1,0
1,15,5,3.5505004825407185,1,0
1,14,5,3.522099030702158,1,0
1,13,5,3.493037447593345,1,0
15,12,5,3.4633432079864352,0,0
15,11,5,3.43304944806766,0,3
4,15,2,3.442512887950218,0,3
4,15,2,3.452590934195334,0,3
4,15,2,3.4633432079864352,0,3
4,15,2,3.4748369547014657,0,3
4,15,2,3.487148234171505,0,3
4,15,2,3.5003633238603653,0,3
4,15,2,3.514580375389854,0,3
4,15,2,3.529911371762259,0,0
15,3,13,3.4903636571737,0,3
3,15,3,3.505571610099437,0,3
3,15,3,3.522099030702158,0,3
3,15,3,3.540115099256213,0,3
3,15,3,3.5598169831690223,0,3
3,15,3,3.5814352364055293,0,3
3,15,3,3.6052402625905993,0,3
3,15,3,3.631549979843521,0,3
3,15,3,3.660738767836316,0,3
3,15,3,3.6932476361183397,0,3
3,15,3,3.7295952571373605,0,3
3,15,3,3.7703889400052257,0,3
3,15,3,3.8163335958133455,0,3
3,15,3,3.8682349942715186,0,3
3,15,3,3.9269908169872414,0,3
3,15,3,3.993558980763065,0,3
3,15,3,4.068887871591405,0,3
3,15,3,4.153789665041128,0,3
3,15,3,4.2487413713838835,0,3
3,15,3,4.3536183101141175,0,3
3,15,3,4.4674103172578254,0,3
3,15,3,4.588033985837928,0,3
3,15,3,4.71238898038469,0,0
15,2,15,4.71238898038469,0,0
15,1,15,4.71238898038469,1,1
1,15,5,4.547240302970063,1,1
1,15,5,4.3906384259880475,1,1
1,15,5,4.2487413713838835,1,1
1,15,5,4.124386376837123,1,1
1,15,5,4.017650704187986,1,1
1,15,5,3.9269908169872414,1,1
1,15,5,3.850218925717463,1,1
1,15,5,3.7850937623830774,1,1
1,15,5,3.7295952571373605,1,1
1,15,5,3.682012153860377,1,1
1,15,5,3.640939375269923,1,1
1,15,5,3.6052402625905993,1,1
1,15,5,3.5740004291603307,1,1
1,15,5,3.5464844398748765,1,1
1,15,5,3.522099030702158,1,1
1,15,5,3.5003633238603653,1,1
1,15,5,3.4808852680438376,1,1
1,15,5,3.4633432079864352,1,1
1,15,5,3.4474715249946453,1,1
1,15,5,3.43304944806766,1,1
1,14,5,3.4198923125949046,1,1
1,13,5,3.4078447027407184,1,1
1,12,5,3.3967750442106115,1,1
1,11,5,3.3865713167166573,1,1
1,10,5,3.3771376343106563,1,1
1,9,5,3.368391501643679,1,1
1,8,5,3.360261599463735,1,1
1,7,5,3.3526859868125394,1,1
1,6,5,3.3456106331823414,1,1
8,5,15,3.3389882134396736,1,0
1,7,5,3.30674133100442,1,0
1,6,5,3.274144185886467,1,0
1,5,5,3.241261306080955,1,0
15,4,5,3.208160817365617,0,3
4,15,1,3.2104491428908375,0,0
15,3,6,3.176061754589301,0,0
15,2,6,3.141592653589793,0,3
2,15,3,3.141592653589793,0,3
2,15,3,3.141592653589793,0,3
2,15,3,3.141592653589793,0,3
2,15,3,3.141592653589793,0,3
2,15,3,3.141592653589793,0,3
2,15,3,3.141592653589793,0,3
2,15,3,3.141592653589793,0,3
2,15,3,3.141592653589793,0,3
2,15,3,3.141592653589793,0,3
2,15,3,3.141592653589793,0,3
2,15,3,3.141592653589793,0,3
2,15,3,3.141592653589793,0,3
2,15,3,3.141592653589793,0,3
2,15,3,3.141592653589793,0,3
2,15,3,3.141592653589793,0,3
2,15,3,3.141592653589793,0,3
2,15,3,3.141592653589793,0,3
2,15,3,3.141592653589793,0,3
2,15,3,3.141592653589793,0,3
2,15,3,3.141592653589793,0,3
2,15,3,3.141592653589793,0,3
2,15,3,3.141592653589793,0,3
2,15,3,3.141592653589793,0,3
2,15,3,3.141592653589793,0,3
2,15,3,3.141592653589793,0,3
2,15,3,3.141592653589793,0,3
2,15,3,3.141592653589793,0,3
3,10,3,2.8125429587494537,0,3
3,15,3,2.804917834203066,0,3
3,15,3,2.796945337971767,0,3
3,15,3,2.788602265762883,0,3
3,15,3,2.779863412069861,0,3
3,15,3,2.770701364777131,0,3
3,15,3,2.761086276477428,0,3
3,15,3,2.7509856098921066,0,3
3,15,3,2.7403638545849445,0,3
3,15,3,2.729182211992406,0,3
3,15,3,2.7173982456860264,0,3
3,15,3,2.704965493776252,0,3
3,15,3,2.691833040519954,0,3
3,15,3,2.677945044588987,0,3
3,15,3,2.6632402222111358,0,3
3,15,3,2.647651284670212,0,3
3,15,3,2.6311043316730176,0,3
3,15,3,2.6135182051634334,0,3
3,15,3,2.5948038127005457,0,3
3,15,3,2.5748634360662868,0,3
3,15,3,2.5535900500422257,0,3
3,15,3,2.5308666892005847,0,3
3,15,3,2.5065659181994793,0,3
3,15,3,2.4805494847391065,0,3
3,15,3,2.452668265374932,0,3
3,15,3,2.4227626539681686,0,3
3,15,3,2.390663591191853,0,3
3,15,3,2.356194490192345,0,3
3,15,3,2.3191743743184148,0,3
3,15,3,2.279422598922567,0,3
3,15,3,2.2367655641740063,0,3
3,14,3,2.191045812777718,0,3
3,13,3,2.1421338066285234,0,3
3,12,3,2.0899424410414196,0,3
3,11,3,2.0344439357957027,0,3
3,10,3,1.97568811307998,0,3
3,9,3,1.9138202672156,0,3
3,8,3,1.849095985800008,0,3
3,7,3,1.7818896600176433,0,3
3,6,3,1.7126933813990606,0,3
10,5,15,1.642103791580187,0,3
10,4,15,1.5707963267948966,0,2
15,15,4,1.5707963267948966,0,2
15,15,4,1.5707963267948966,0,2
2,15,4,1.5707963267948966,0,2
2,15,4,1.5707963267948966,0,2
2,15,4,1.5707963267948966,0,2
15,15,4,1.5707963267948966,0,2
15,15,4,1.5707963267948966,0,2
15,14,4,1.5707963267948966,0,2
15,13,4,1.5707963267948966,0,2
15,12,4,1.5707963267948966,0,2
2,11,4,1.5707963267948966,0,2
2,10,4,1.5707963267948966,0,2
15,4,2,3.682012153860377,0,3
15,15,2,3.71293013342342,0,3
4,15,2,3.747137317194763,0,3
4,15,2,3.7850937623830774,0,3
4,15,2,3.827322164496079,0,3
15,15,2,3.8744077553762994,0,3
15,15,2,3.9269908169872414,0,3
15,15,2,3.985746639702964,0,3
15,15,2,4.051345811534002,0,3
15,15,2,4.124386376837123,0,3
15,15,2,4.205290475992353,0,3
15,15,2,4.2941646508054605,0,3
15,15,2,4.3906384259880475,0,3
15,15,2,4.493720034510748,0,3
15,15,2,4.601731759210794,0,0
15,14,15,4.588033985837928,0,0
15,13,15,4.570491925780526,0,3
13,15,4,4.71238898038469,0,0
15,12,15,4.71238898038469,0,0
4,11,11,4.71238898038469,0,0
4,10,11,4.71238898038469,0,0
4,9,11,4.71238898038469,0,0
4,8,11,4.71238898038469,0,0
2,15,4,5.588447030982883,0,1
13,15,4,5.545370247059122,0,1
13,15,4,5.497787143782138,0,1
13,15,4,5.4452040821711964,0,1
13,15,4,5.387129922608242,0,1
13,15,4,5.323114944773899,0,1
13,15,4,5.252808480655274,0,1
13,15,4,5.176036589385496,0,1
13,15,4,5.092895357497055,0,1
13,14,4,5.003845774862556,0,1
13,13,4,4.90978454023457,0,1
13,12,4,4.8120576328758515,0,1
13,11,4,4.71238898038469,0,0
15,12,11,4.71238898038469,0,0
12,11,3,4.71238898038469,0,0
12,10,3,4.71238898038469,0,0
12,9,3,4.71238898038469,0,0
12,8,3,4.71238898038469,0,0
12,7,3,4.71238898038469,0,0
12,6,3,4.71238898038469,0,0
15,5,11,4.71238898038469,0,0
15,4,15,4.871044242571091,0,0
15,1,15,4.877537657799317,0,1
1,15,5,4.836743974931451,0,1
1,15,5,4.795530212273131,0,1
1,15,5,4.754031559483278,0,1
1,15,5,4.71238898038469,0,0
0,0,0,4.71238898038469,1,1
11,14,6,4.668938084993159,1,0
1,10,14,4.666965700963113,1,0
1,9,14,4.664805877107706,1,0
1,8,14,4.662430584662747,0,0
1,7,14,4.659805918773748,0,0
1,6,14,4.656890475138972,0,0
15,5,15,4.653633157668967,1,0
15,4,15,4.649970170388732,1,0
15,3,15,4.6458208166088655,1,0
15,2,15,4.641081515599399,0,3
2,15,4,4.71238898038469,0,0
15,1,15,4.71238898038469,1,1
1,15,15,4.635617089114912,1,1
1,15,15,4.559739651989425,1,1
1,15,15,4.485590132330804,1,1
1,15,15,4.41389004879851,1,1
1,15,15,4.345215146566471,1,1
1,15,15,4.279981204814152,1,1
1,15,15,4.218447611465109,1,1
1,15,15,4.160733997856143,1,1
1,14,15,4.1068443167797195,1,1
1,13,15,4.056693354143153,1,1
1,12,15,4.010132048875683,1,1
1,11,15,3.9669695041105313,1,1
1,10,15,3.9269908169872414,1,1
1,9,15,3.8899707011133113,1,1
1,8,5,3.855683352201951,1,1
1,7,5,3.823909208464541,1,1
1,6,5,3.7944392846905672,1,1
15,5,15,3.7670776938290222,1,0
1,15,5,3.7295952571373605,1,0
1,14,5,3.690142056040321,1,0
1,13,5,3.64869115798213,1,0
15,12,5,3.6052402625905993,1,0
15,11,5,3.5598169831690223,0,3
4,15,2,3.5814352364055293,0,3
4,15,2,3.6052402625905993,0,3
4,15,2,3.631549979843521,0,3
4,15,2,3.660738767836316,0,3
4,15,2,3.6932476361183397,0,3
4,15,2,3.7295952571373605,0,3
4,15,2,3.7703889400052257,0,3
4,15,2,3.8163335958133455,0,3
4,15,2,3.8682349942715186,0,3
4,15,2,3.9269908169872414,0,3
4,15,2,3.993558980763065,0,3
4,15,2,4.068887871591405,0,3
4,15,2,4.153789665041128,0,3
4,15,2,4.2487413713838835,0,3
4,15,2,4.3536183101141175,0,3
4,15,2,4.4674103172578254,0,3
4,15,2,4.588033985837928,0,3
4,15,2,4.71238898038469,0,3
4,15,2,4.836743974931451,0,0
15,3,15,4.854286034988854,0,0
15,2,15,4.877537657799317,0,0
15,1,15,4.90978454023457,1,1
1,15,5,4.71238898038469,1,1
1,15,5,4.514993420534809,1,1
1,15,5,4.331882603272325,1,1
1,15,5,4.171969480114106,1,1
1,15,5,4.037648038161137,1,1
1,15,5,3.9269908169872414,1,1
1,15,5,3.836330929786496,1,1
1,15,5,3.7618421395726145,1,1
1,15,5,3.7001919689333556,1,1
1,14,5,3.64869115798213,1,1
1,13,5,3.6052402625905993,1,1
1,12,5,3.568220146716669,1,1
1,11,5,3.5363837732895544,1,1
1,10,5,3.5087664874080122,1,1
1,9,5,3.4846165940104963,1,1
1,8,5,3.4633432079864352,1,1
1,7,5,3.4444775219647643,1,1
1,6,5,3.427644095307111,1,1
8,5,15,3.4125395039282136,1,0
1,7,5,3.360261599463735,1,0
1,6,5,3.30674133100442,1,0
1,5,5,3.2522498747636885,1,0
15,4,5,3.19709115883551,1,0
15,3,5,3.141592653589793,0,3
3,15,2,3.141592653589793,0,3
3,15,2,3.141592653589793,0,3
3,15,2,3.141592653589793,0,3
3,15,2,3.141592653589793,0,3
3,15,2,3.141592653589793,0,3
3,15,2,3.141592653589793,0,3
3,15,2,3.141592653589793,0,3
3,15,2,3.141592653589793,0,3
3,15,2,3.141592653589793,0,3
3,15,2,3.141592653589793,0,3
3,15,2,3.141592653589793,0,3
3,15,2,3.141592653589793,0,3
3,15,2,3.141592653589793,0,3
3,15,2,3.141592653589793,0,3
3,15,2,3.141592653589793,0,3
3,15,2,3.141592653589793,0,3
1,15,5,3.522099030702158,0,3
1,15,5,3.540115099256213,0,3
1,15,5,3.5598169831690223,0,3
1,15,5,3.5814352364055293,0,3
1,15,5,3.6052402625905993,0,3
1,15,5,3.631549979843521,0,3
1,15,5,3.660738767836316,0,3
1,15,5,3.6932476361183397,0,3
12,15,5,3.7295952571373605,0,3
12,15,5,3.7703889400052257,0,3
12,15,5,3.8163335958133455,0,3
12,15,5,3.8682349942715186,0,3
12,15,5,3.9269908169872414,0,3
12,15,5,3.993558980763065,0,3
12,15,5,4.068887871591405,0,3
12,15,5,4.153789665041128,0,3
12,14,5,4.2487413713838835,0,3
12,13,5,4.3536183101141175,0,3
12,12,5,4.4674103172578254,0,3
12,11,5,4.588033985837928,0,3
12,10,5,4.71238898038469,0,3
1,9,5,4.836743974931451,0,1
12,15,5,4.71238898038469,0,0
1,11,13,4.71238898038469,0,0
1,10,13,4.71238898038469,0,0
1,9,13,4.71238898038469,0,0
1,8,13,4.71238898038469,0,0
1,7,13,4.71238898038469,0,0
1,6,13,4.71238898038469,0,0
15,15,5,2.988943325194528,0,2
4,4,15,3.064820762320015,0,3
15,15,4,3.058451421701352,1,3
2,15,4,3.050932766389048,1,3
2,15,4,3.0419240010986313,1,3
2,15,4,3.0309354324158977,1,3
13,15,4,3.017237659043032,1,3
13,15,4,2.999695598985629,0,3
13,15,4,2.976443976175166,0,3
13,15,4,2.9441970937399127,0,3
13,15,4,2.896613990462929,0,3
13,15,4,2.819842099193151,0,2
14,3,15,3.141592653589793,0,3
14,15,3,3.141592653589793,0,3
15,2,13,1.2490457723982544,0,1
15,15,13,1.4056476493802699,0,1
15,15,13,1.5707963267948966,0,2
15,12,4,1.5707963267948966,0,2
2,11,4,1.5707963267948966,0,2
2,10,4,1.5707963267948966,0,2
2,9,4,1.5707963267948966,0,2
6,10,9,0.982793723247329,0,1
7,5,10,1.2490457723982544,0,1
7,4,10,1.5707963267948966,0,2
4,9,11,1.5707963267948966,0,2
6,10,8,2.158798930342464,0,2
6,9,8,2.2455372690184494,0,2
6,8,8,2.356194490192345,0,2
6,7,8,2.498091544796509,0,2
6,6,8,2.677945044588987,0,2
15,5,15,2.896613990462929,0,2
15,4,15,3.141592653589793,0,3
13,15,4,3.141592653589793,0,3
13,15,4,3.141592653589793,0,3
5,15,12,0.2914567944778671,0,2
7,11,7,0.24497866312686414,0,2
7,10,7,0.19739555984988075,0,2
7,9,7,0.14888994760949725,0,2
7,8,7,0.09966865249116202,0,2
7,7,7,0.04995839572194276,0,2
7,6,7,0.0,0,2
15,5,15,6.233226911457644,0,2
15,4,15,6.183516654688424,0,1
13,15,4,6.178308368449352,0,1
13,15,4,6.17252808600569,0,1
13,15,4,6.166076562612722,0,1
13,15,4,6.1588303126328245,0,1
13,15,4,6.1506337748829125,0,1
13,15,4,6.141288252575422,0,1
2,15,4,6.130535978784321,0,1
2,15,4,6.118036629764959,0,1
2,15,4,6.103331807387108,0,1
2,15,4,6.085789747329706,0,1
2,15,4,6.064516361305644,0,1
2,15,4,6.038206644052722,0,1
2,15,4,6.004885648174475,0,1
2,15,4,5.961434752782944,0,1
2,15,4,5.902678930067221,0,1
2,15,4,5.81953769817878,0,1
13,15,4,5.695182703632018,0,1
13,15,4,5.497787143782138,0,1
13,15,4,5.176036589385496,0,0
3,15,3,3.5175536074610987,0,0
3,15,3,3.4945830414167034,0,0
3,15,3,3.4712170610105355,0,0
3,15,3,3.4474715249946453,0,0
3,15,3,3.4233645208631454,0,0
3,15,3,3.3989163685608816,0,3
15,2,11,3.4055563772154978,0,3
15,1,11,3.4125395039282136,1,0
15,15,5,3.3865713167166573,1,0
15,15,5,3.360261599463735,1,3
4,15,2,3.366303822004436,0,3
4,15,2,3.37268332078569,0,3
4,15,2,3.3794285810472435,0,0
15,3,8,3.3506155963960578,0,3
3,15,14,3.356950353287531,0,3
3,15,14,3.363674555495273,0,3
3,15,14,3.3708245868667883,0,3
3,15,14,3.3784414145367134,0,3
3,15,14,3.3865713167166573,0,3
3,15,14,3.3952667497284357,0,3
3,15,14,3.4045873852707125,0,3
3,15,14,3.4146013566765037,0,3
3,15,14,3.4253867627981207,0,3
3,15,14,3.437033490733513,0,3
3,15,14,3.4496454346135694,0,3
3,15,14,3.4633432079864352,0,3
3,15,14,3.4782674729765204,0,3
3,15,14,3.4945830414167034,0,3
3,15,3,3.512483942402455,0,3
3,15,3,3.5321996972874796,0,3
3,15,3,3.55400309518718,0,3
3,15,3,3.5782198134033343,0,3
3,15,3,3.6052402625905993,0,3
3,15,3,3.635534022509374,0,3
3,15,3,3.669667102016153,0,3
3,15,3,3.7083218711132995,0,3
3,15,3,3.7523186179790016,0,3
3,15,3,3.8026358224404797,0,3
3,15,14,3.8604226532114176,0,3
3,15,14,3.9269908169872414,0,3
3,15,14,4.003762708257019,0,3
3,15,14,4.092139494401868,0,3
3,15,14,4.193242866138167,0,3
3,15,14,4.307497194099606,0,3
3,15,14,4.434089321379578,0,3
3,15,14,4.570491925780526,0,3
3,14,14,4.71238898038469,0,3
3,13,14,4.854286034988854,0,0
13,2,15,4.877537657799317,0,0
13,1,15,4.90978454023457,1,1
1,15,15,4.71238898038469,1,1
1,15,15,4.514993420534809,1,1
1,15,15,4.331882603272325,1,1
1,15,15,4.171969480114106,1,1
1,15,15,4.037648038161137,1,1
1,15,15,3.9269908169872414,1,1
1,15,15,3.836330929786496,1,1
1,15,15,3.7618421395726145,1,1
1,15,15,3.7001919689333556,1,1
1,15,5,3.64869115798213,1,1
1,15,5,3.6052402625905993,1,1
1,15,5,3.568220146716669,1,1
1,15,5,3.5363837732895544,1,1
1,15,5,3.5087664874080122,1,1
1,15,5,3.4846165940104963,1,1
1,15,5,3.4633432079864352,1,1
1,15,5,3.4444775219647643,1,1
1,15,5,3.427644095307111,1,1
1,15,5,3.4125395039282136,1,1
1,15,15,3.3989163685608816,1,1
1,15,15,3.3865713167166573,1,1
1,15,15,3.3753358344586943,1,1
1,15,15,3.365069254730426,1,1
1,15,15,3.3556533371536146,1,1
1,15,15,3.3469880427795604,1,1
1,15,15,3.3389882134396736,1,1
1,15,15,3.3315809415085087,1,1
1,14,15,3.324703470852277,1,1
1,13,15,3.3183015096598294,1,1
1,12,15,3.312327865065076,1,1
1,11,15,3.30674133100442,1,1
1,10,15,3.3015057767480123,1,1
1,9,15,3.2965893955137338,1,1
1,8,5,3.2919640815969275,1,1
1,7,5,3.2876049113010684,1,1
1,6,5,3.283489708193957,1,1
15,5,15,3.2795986772473125,1,0
1,15,5,3.2522498747636885,1,0
1,14,5,3.2247338854782344,1,0
1,13,5,3.19709115883551,1,0
15,12,5,3.169363290183214,1,0
15,11,5,3.141592653589793,1,0
15,10,5,3.113822016996372,0,3
3,15,3,3.113028995751033,0,3
3,15,3,3.112189365385788,0,3
3,15,3,3.111298893671018,0,3
3,15,3,3.110352820159525,0,3
3,15,3,3.109345771154539,0,3
3,15,3,3.108271657711546,0,3
3,15,3,3.107123552590285,0,3
3,15,3,3.1058935409104693,0,3
3,15,3,3.104572537715863,0,3
3,15,3,3.1031500635686053,0,3
3,15,3,3.1016139664665032,0,3
3,15,3,3.099950074491205,0,3
3,15,3,3.0981417581982624,0,3
3,15,3,3.096169374168216,0,3
3,15,3,3.0940095503128098,0,3
3,15,3,3.0916342578678506,0,3
3,15,3,3.0890095919788516,0,3
3,15,3,3.0860941483440762,0,3
3,15,3,3.0828368308740703,0,3
3,15,3,3.079173843593836,0,3
3,15,3,3.0750244898139694,0,3
3,15,3,3.070285188804503,0,3
3,15,3,3.064820762320015,0,3
3,15,3,3.058451421701352,0,3
3,15,3,3.050932766389048,0,3
3,15,3,3.0419240010986313,0,3
3,15,3,3.0309354324158977,0,3
3,15,3,3.017237659043032,0,2
15,2,15,3.141592653589793,0,3
4,15,2,3.141592653589793,0,3
4,15,2,3.141592653589793,0,3
4,15,2,3.141592653589793,0,3
4,15,2,3.141592653589793,0,3
4,15,2,3.141592653589793,0,3
4,15,2,3.141592653589793,0,3
14,1,15,0.08314123188844123,0,2
15,15,14,0.04164257909858842,0,1
2,15,15,0.04345089539153084,0,1
2,15,15,0.04542327942157701,0,1
2,15,15,0.047583103276983396,0,1
2,15,15,0.04995839572194276,0,1
2,15,15,0.05258306161094172,0,1
2,15,15,0.05549850524571683,0,1
2,15,15,0.058755822715722696,0,1
2,15,15,0.06241880999595735,0,1
2,15,4,0.06656816377582381,0,1
2,15,4,0.07130746478529032,0,1
2,15,4,0.07677189126977804,0,1
2,15,4,0.08314123188844123,0,1
2,15,4,0.09065988720074511,0,1
2,15,4,0.09966865249116202,0,1
2,15,4,0.11065722117389565,0,1
2,15,4,0.12435499454676144,0,1
2,15,4,0.14189705460416394,0,2
15,3,15,0.0,0,1
3,15,3,0.0,0,1
3,15,14,0.0,0,1
3,15,14,0.0,0,1
3,15,14,0.0,0,1
3,15,14,0.0,0,1
1,15,5,2.711830374493105,0,2
1,15,15,2.729182211992406,0,2
1,15,15,2.746801533890032,0,2
1,15,15,2.7646833832649724,0,2
1,15,15,2.782821983319221,0,2
1,15,15,2.8012107149478864,0,3
12,15,15,2.7945310500503027,0,3
12,15,15,2.787595216757897,0,2
3,15,3,2.8068558162729786,0,2
3,15,3,2.8263779538390823,0,2
3,15,3,2.8461518164460733,0,3
15,2,15,2.8399736073235538,0,3
15,1,15,2.833539872566017,0,2
5,15,15,2.854311200192659,0,3
1,15,5,2.8480036661810435,0,3
1,15,5,2.841421482759681,0,3
1,15,5,2.8345469215710026,0,3
1,15,15,2.827360754505455,0,3
1,15,15,2.819842099193151,0,3
1,15,15,2.8119682461690507,0,3
1,15,15,2.8037144653495147,0,3
1,15,15,2.7950537891558516,0,3
1,15,15,2.7859567692890335,0,3
1,15,15,2.7763912038016203,0,3
1,15,15,2.766321830733836,0,3
1,15,15,2.7557099841917196,0,3
1,15,15,2.7445132083648107,0,3
1,15,15,2.7326848246388677,0,3
1,15,15,2.720173446701989,0,3
1,15,15,2.7069224384405484,0,3
1,15,15,2.692869309579072,0,3
1,15,5,2.677945044588987,0,3
1,15,5,2.662073361597197,0,3
1,15,5,2.645169900184911,0,3
1,15,5,2.6271413405307653,0,3
1,15,5,2.6078844619505315,0,3
1,15,5,2.587285157388242,0,3
1,15,5,2.5652174329986095,0,3
1,15,5,2.5415424401880395,0,3
1,15,5,2.516107613350564,0,3
1,15,5,2.488746022489019,0,3
1,15,15,2.459276098715045,0,3
1,15,15,2.427501954977635,0,3
1,15,15,2.393214606066275,0,3
1,15,15,2.356194490192345,0,3
1,15,15,2.316215803069055,0,3
1,15,15,2.2730532583039036,0,3
1,15,15,2.2264919530364327,0,3
1,15,15,2.1763409903998667,0,3
1,14,15,2.1224513093234436,0,3
1,13,15,2.0647376957144776,0,3
1,12,15,2.0032041023654346,0,3
1,11,15,1.9379701606131159,0,3
1,10,15,1.8692952583810758,0,3
1,9,5,1.7975951748487824,0,3
1,8,5,1.7234456551901618,0,2
15,4,8,1.7359450042095235,0,3
2,7,4,1.6539375586833378,0,2
15,3,7,1.6614562139956417,0,2
15,2,7,1.6704649792860586,0,2
15,1,7,1.6814535479687922,1,1
5,15,1,1.7894652726688385,1,1
5,15,1,1.892546881191539,1,1
5,15,12,1.9890206563741257,1,2
13,11,1,2.0344439357957027,1,2
13,10,1,2.0899424410414196,1,2
13,9,1,2.158798930342464,1,2
13,8,1,2.2455372690184494,1,2
13,7,1,2.356194490192345,1,2
13,6,1,2.498091544796509,1,2
15,5,10,2.677945044588987,0,3
1,9,5,2.5535900500422257,0,2
15,4,9,2.819842099193151,0,3
2,8,4,2.677945044588987,0,3
3,15,14,2.677945044588987,0,3
3,15,14,2.6607053733944572,0,3
3,15,14,2.642245931909663,0,3
3,15,3,2.62244653934327,0,3
3,15,3,2.601173153319209,0,3
3,15,3,2.578276392097825,0,3
3,15,3,2.5535900500422257,0,3
3,15,3,2.5269297016676275,0,3
3,15,3,2.498091544796509,0,3
3,15,3,2.4668517113662407,0,3
3,15,3,2.432966381462123,0,3
3,15,3,2.396173177315635,0,3
3,15,3,2.356194490192345,0,3
3,15,14,2.312743594800814,0,3
3,15,14,2.2655346029916,0,3
3,15,14,2.214297435588181,0,3
3,15,14,2.158798930342464,0,3
3,15,14,2.0988707752212563,0,3
3,15,14,2.0344439357957027,0,3
3,15,14,1.965587446494658,0,3
3,15,14,1.892546881191539,0,3
3,14,14,1.8157749899217608,0,3
3,13,14,1.7359450042095235,0,3
3,12,14,1.6539375586833378,0,3
3,11,14,1.5707963267948966,0,2
15,13,11,1.5707963267948966,0,2
15,12,11,1.5707963267948966,0,2
12,11,2,1.5707963267948966,0,2
12,10,2,1.5707963267948966,0,2
12,9,2,1.5707963267948966,0,2
12,8,2,1.5707963267948966,0,2
12,7,2,1.5707963267948966,0,2
12,6,2,1.5707963267948966,0,2
15,5,11,1.5707963267948966,0,2
15,4,11,1.5707963267948966,0,2
12,9,5,3.113028995751033,0,2
9,4,15,3.141592653589793,0,3
13,15,4,3.141592653589793,0,3
13,15,4,3.141592653589793,0,3
13,15,4,3.141592653589793,0,3
13,15,4,3.141592653589793,0,3
13,15,4,3.141592653589793,0,3
13,15,4,3.141592653589793,0,3
13,15,4,3.141592653589793,0,3
13,15,4,3.141592653589793,0,3
13,15,4,3.141592653589793,0,3
13,15,4,3.141592653589793,0,3
13,15,4,3.141592653589793,0,3
13,15,4,3.141592653589793,0,3
13,15,4,3.141592653589793,0,3
2,15,4,3.141592653589793,0,3
2,15,4,3.141592653589793,0,3
2,15,4,3.141592653589793,0,3
2,15,4,3.141592653589793,0,3
2,15,4,3.141592653589793,0,3
2,15,4,3.141592653589793,0,3
2,15,4,3.141592653589793,0,3
2,15,4,3.141592653589793,0,3
2,15,4,3.141592653589793,0,3
2,15,4,3.141592653589793,0,3
13,15,4,3.141592653589793,0,3
13,15,4,3.141592653589793,0,3
13,15,4,3.141592653589793,0,3
13,15,4,3.141592653589793,0,3
13,15,4,3.141592653589793,0,3
13,15,4,3.141592653589793,0,3
13,15,4,3.141592653589793,0,3
13,15,4,3.141592653589793,0,3
13,14,4,3.141592653589793,0,3
13,13,4,3.141592653589793,0,3
1,8,14,0.16514867741462683,0,1
8,13,9,0.17985349979247828,0,1
8,12,9,0.19739555984988075,0,1
8,11,9,0.21866894587394195,0,1
8,10,9,0.24497866312686414,0,1
8,9,9,0.27829965900511133,0,2
9,8,6,0.14189705460416394,0,1
9,8,8,0.16514867741462683,0,1
9,7,8,0.19739555984988075,0,1
9,6,8,0.24497866312686414,0,2
6,7,9,0.0,0,1
10,5,7,0.0,0,1
10,4,7,0.0,0,1
15,15,15,5.231535094631212,0,0
15,15,15,5.264043962913236,0,0
15,14,15,5.3003915839322575,0,0
15,13,15,5.341185266800123,0,0
15,12,15,5.387129922608242,0,0
5,11,10,5.439031321066415,0,1
11,9,6,5.373432149235376,0,1
11,8,6,5.3003915839322575,0,1
11,7,6,5.2194874847770265,0,1
11,6,6,5.130613309963919,0,1
11,5,6,5.034139534781332,0,1
11,4,6,4.931057926258632,0,1
11,3,6,4.8230462015585855,0,1
11,2,6,4.71238898038469,0,0
13,10,2,4.71238898038469,0,0
13,9,2,4.71238898038469,0,0
13,8,2,4.71238898038469,0,0
13,7,2,4.71238898038469,0,0
13,6,2,4.71238898038469,0,0
15,5,10,4.71238898038469,0,0
15,4,10,4.71238898038469,0,0
12,1,15,3.6052402625905993,0,0
15,4,12,3.5644465797227336,0,3
4,15,2,3.583966876566538,0,3
4,15,2,3.6052402625905993,0,3
4,15,2,3.628491885401062,0,3
4,15,2,3.653982113900531,0,3
4,15,2,3.682012153860377,0,3
4,15,2,3.71293013342342,0,3
4,15,2,3.747137317194763,0,3
4,15,2,3.7850937623830774,0,3
4,15,2,3.827322164496079,0,3
4,15,2,3.8744077553762994,0,3
4,15,2,3.9269908169872414,0,3
4,15,2,3.985746639702964,0,3
4,15,2,4.051345811534002,0,3
4,15,2,4.124386376837123,0,3
4,15,2,4.205290475992353,0,3
4,15,2,4.2941646508054605,0,3
4,15,2,4.3906384259880475,0,3
4,15,2,4.493720034510748,0,3
4,15,2,4.601731759210794,0,3
4,15,2,4.71238898038469,0,0
15,3,15,4.71238898038469,0,0
15,2,15,4.71238898038469,0,0
15,1,15,4.71238898038469,1,1
1,15,5,4.547240302970063,1,1
1,15,5,4.3906384259880475,1,1
1,15,5,4.2487413713838835,1,1
1,15,5,4.124386376837123,1,1
1,15,5,4.017650704187986,1,1
1,15,5,3.9269908169872414,1,1
1,15,5,3.850218925717463,1,1
1,15,5,3.7850937623830774,1,1
1,15,5,3.7295952571373605,1,1
1,15,5,3.682012153860377,1,1
1,15,5,3.640939375269923,1,1
1,15,5,3.6052402625905993,1,1
1,15,5,3.5740004291603307,1,1
1,15,5,3.5464844398748765,1,1
1,15,5,3.522099030702158,1,1
1,15,5,3.5003633238603653,1,1
1,15,5,3.4808852680438376,1,1
1,14,5,3.4633432079864352,1,1
1,13,5,3.4474715249946453,1,1
1,12,5,3.43304944806766,1,1
1,11,5,3.4198923125949046,1,1
1,10,5,3.4078447027407184,1,1
1,9,5,3.3967750442106115,1,1
1,8,5,3.3865713167166573,1,1
1,7,5,3.3771376343106563,1,1
1,6,5,3.368391501643679,1,1
8,5,15,3.360261599463735,1,0
1,7,5,3.324703470852277,1,0
1,6,5,3.2886710089781954,1,0
1,5,5,3.2522498747636885,1,0
15,4,5,3.215531691247733,1,0
15,3,5,3.178612769463723,0,3
3,15,2,3.180035243610981,0,3
3,15,2,3.181571340713083,0,3
3,15,2,3.1832352326883813,0,3
3,15,2,3.185043548981324,0,3
3,15,2,3.18701593301137,0,3
3,15,2,3.1891757568667765,0,3
3,15,2,3.1915510493117356,0,0
15,2,12,3.141592653589793,0,3
2,15,3,3.141592653589793,0,3
2,15,3,3.141592653589793,0,3
2,15,3,3.141592653589793,0,3
2,15,3,3.141592653589793,0,3
2,15,3,3.141592653589793,0,3
2,15,3,3.141592653589793,0,3
2,15,3,3.141592653589793,0,3
2,15,3,3.141592653589793,0,3
2,15,3,3.141592653589793,0,3
2,15,3,3.141592653589793,0,3
2,15,3,3.141592653589793,0,3
2,15,3,3.141592653589793,0,3
2,15,3,3.141592653589793,0,3
2,15,3,3.141592653589793,0,3
2,15,3,3.141592653589793,0,3
2,15,3,3.141592653589793,0,3
2,15,3,3.141592653589793,0,3
2,15,3,3.141592653589793,0,3
8,10,6,0.0,0,1
7,7,10,0.0,0,1
7,6,10,0.0,0,1
7,5,10,0.0,0,1
7,4,10,0.0,0,1
7,3,10,0.0,0,1
7,2,10,0.0,0,1
7,1,10,0.0,1,0
13,6,1,0.04995839572194276,1,0
15,5,15,0.09966865249116202,1,0
15,4,15,0.14888994760949725,0,1
4,15,2,0.15660187698201536,0,1
4,15,2,0.16514867741462683,0,1
4,15,2,0.1746721990082397,0,1
4,15,2,0.18534794999569476,0,1
4,15,2,0.19739555984988075,0,1
4,15,2,0.21109333322274654,0,1
4,15,2,0.22679884805388587,0,1
4,15,2,0.24497866312686414,0,1
4,15,2,0.2662520491509254,0,1
4,15,2,0.2914567944778671,0,1
4,15,13,0.3217505543966422,0,1
4,15,13,0.35877067027057225,0,1
4,15,13,0.40489178628508343,0,1
4,15,13,0.4636476090008061,0,1
4,15,13,0.5404195002705842,0,1
4,15,13,0.6435011087932844,0,1
4,15,13,0.7853981633974483,0,1
4,15,13,0.982793723247329,0,1
4,14,13,1.2490457723982544,0,2
14,12,15,1.1071487177940904,0,2
5,15,12,6.22768680193387,0,1
5,15,12,6.2244294844638635,0,1
5,15,12,6.220766497183629,0,1
5,15,12,6.216617143403762,0,1
5,15,12,6.211877842394296,0,1
5,15,12,6.206413415909808,0,1
5,15,1,6.200044075291145,0,1
5,15,1,6.192525419978841,0,1
5,15,1,6.183516654688424,0,0
15,4,15,0.0,0,1
4,15,2,0.0,0,1
4,15,2,0.0,0,1
4,15,2,0.0,0,1
4,15,2,0.0,0,1
4,15,2,0.0,0,1
4,15,2,0.0,0,1
4,15,2,0.0,0,1
4,15,13,0.0,0,1
2,14,4,2.835713782184941,0,2
4,15,2,2.859820786316441,0,2
4,15,15,2.8842689386187046,0,2
4,15,15,2.909035711784884,0,2
4,14,15,2.9340964271545906,0,3
15,15,14,2.9286543040103963,0,3
3,15,3,2.922923707715851,0,3
3,15,3,2.9168814851751503,0,3
3,15,3,2.9105019863938963,0,3
3,15,14,2.9037567261323427,0,3
3,15,14,2.896613990462929,0,3
3,15,14,2.8890383778117337,0,3
3,15,14,2.8809902618424523,0,3
3,15,14,2.872425160804093,0,3
3,15,14,2.8632929945846817,0,3
3,15,14,2.8535372065391673,0,3
3,15,14,2.843093722003614,0,3
3,15,14,2.831889709047337,0,3
3,15,14,2.819842099193151,0,3
3,15,14,2.8068558162729786,0,3
3,15,14,2.7928216500058864,0,3
3,15,14,2.7776136970801493,0,3
3,15,14,2.761086276477428,0,3
3,15,3,2.743070207923373,0,3
3,15,3,2.723368324010564,0,3
3,15,3,2.701750070774057,0,3
3,15,3,2.677945044588987,0,3
3,15,3,2.651635327336065,0,3
3,15,3,2.62244653934327,0,3
3,15,3,2.5899376710612465,0,3
3,15,3,2.5535900500422257,0,3
3,15,3,2.5127963671743605,0,3
3,15,3,2.4668517113662407,0,3
3,15,14,2.4149503129080676,0,3
3,15,14,2.356194490192345,0,3
3,15,14,2.289626326416521,0,3
3,15,14,2.214297435588181,0,3
3,15,14,2.129395642138459,0,3
3,15,14,2.0344439357957027,0,3
3,15,14,1.9295669970654687,0,3
3,15,14,1.8157749899217608,0,3
3,14,14,1.695151321341658,0,3
3,13,14,1.5707963267948966,0,2
15,13,13,1.5707963267948966,0,2
15,12,13,1.5707963267948966,0,2
10,11,4,1.5707963267948966,0,2
10,10,4,1.5707963267948966,0,2
10,9,4,1.5707963267948966,0,2
10,8,4,1.5707963267948966,0,2
15,4,15,2.429235055495464,0,2
15,3,15,2.455863142683507,0,2
15,2,15,2.483704048407583,0,2
15,1,15,2.5127963671743605,1,1
5,14,1,2.5337906574758327,1,1
5,13,1,2.5535900500422257,1,1
5,12,1,2.5722794624891314,1,1
5,11,1,2.5899376710612465,1,1
5,10,1,2.6066375798036967,1,1
5,9,1,2.62244653934327,1,1
5,8,1,2.6374266921106404,1,1
5,7,1,2.651635327336065,1,1
5,6,1,2.6651252341160867,1,1
12,5,15,2.677945044588987,1,2
5,15,1,2.7032560937318353,1,2
5,15,1,2.729182211992406,1,2
5,15,1,2.7557099841917196,1,2
5,15,15,2.782821983319221,1,2
5,15,15,2.810496576885661,0,3
2,15,4,2.800613700093444,0,3
2,15,4,2.7901478595862415,0,3
2,15,4,2.7790484163252858,0,3
2,15,15,2.7672590375822095,0,3
2,15,15,2.7547169358587653,0,3
2,15,15,2.741351996555819,0,3
2,15,15,2.7270857790050074,0,3
2,15,15,2.711830374493105,0,3
2,15,15,2.6954871046463897,0,3
2,15,15,2.677945044588987,0,3
2,15,15,2.6590793585673165,0,3
2,15,15,2.6387494426619322,0,3
2,15,15,2.616796881939686,0,3
2,15,15,2.593043251139265,0,3
2,15,15,2.5672878234150915,0,3
2,15,15,2.539305307454829,0,3
2,15,15,2.5088438185876103,0,3
2,15,4,2.4756234162106834,0,3
2,15,4,2.439335722080786,0,3
2,15,4,2.399645385583876,0,3
2,15,4,2.356194490192345,0,3
2,15,4,2.3086113869153615,0,3
2,15,4,2.256525837701183,0,3
2,15,4,2.1995926132103296,0,3
2,15,4,2.137525544318403,0,3
2,15,4,2.0701430484750265,0,3
2,15,4,1.9974238199217726,0,3
2,15,15,1.9195673303788037,0,3
2,15,15,1.837048375945822,0,3
2,15,15,1.750649826587375,0,3
2,15,15,1.6614562139956417,0,3
2,15,15,1.5707963267948966,0,2
15,14,15,1.5707963267948966,0,2
15,13,15,1.5707963267948966,0,2
15,12,15,1.5707963267948966,0,2
5,11,9,1.5707963267948966,0,2
5,10,9,1.5707963267948966,0,2
5,9,9,1.5707963267948966,0,2
5,8,9,1.5707963267948966,0,2
5,7,9,1.5707963267948966,0,2
5,6,9,1.5707963267948966,0,2
11,9,3,5.80366601518699,0,0
11,8,3,5.835665332022416,0,0
11,7,3,5.8686784325948,0,0
11,6,3,5.902678930067221,0,0
15,5,15,5.937629726597874,0,0
15,4,15,5.97348236263713,0,2
15,12,15,5.937629726597874,0,2
3,11,11,5.902678930067221,0,2
3,10,11,5.8686784325948,0,2
3,9,11,5.835665332022416,0,1
8,2,9,5.81953769817878,0,1
8,1,9,5.802298026984251,1,0
13,7,1,5.837079758236182,1,0
13,6,1,5.873057966638095,1,0
15,5,15,5.910197585379525,1,1
5,15,1,5.89486658900712,1,1
5,15,1,5.878293520894503,1,1
5,15,1,5.860331381046645,0,1
5,15,1,5.840811084202842,0,1
5,15,1,5.81953769817878,0,1
5,15,1,5.796286075368317,0,1
5,15,1,5.7707958468688485,0,1
5,15,1,5.742765806909002,0,1
5,15,1,5.711847827345959,0,1
5,15,1,5.677640643574616,0,0
15,4,15,5.73153032465104,0,1
4,15,13,5.695182703632018,0,0
15,3,15,5.755110858753227,0,1
3,15,14,5.71645608965608,0,1
3,15,14,5.672459342790377,0,1
3,15,14,5.6221421383289,0,1
3,15,14,5.564355307557962,0,1
3,15,14,5.497787143782138,0,1
3,15,14,5.42101525251236,0,1
3,15,14,5.332638466367511,0,1
3,14,14,5.231535094631212,0,1
3,13,14,5.117280766669773,0,1
3,12,14,4.990688639389801,0,1
3,11,14,4.854286034988854,0,1
3,10,14,4.71238898038469,0,0
15,2,10,4.71238898038469,0,0
15,1,10,4.71238898038469,1,1
1,9,15,4.514993420534809,1,1
1,8,5,4.331882603272325,1,1
1,7,5,4.171969480114106,1,1
1,6,5,4.037648038161137,1,1
15,5,15,3.9269908169872414,1,0
1,15,5,3.8163335958133455,1,0
1,14,5,3.682012153860377,1,0
1,13,5,3.522099030702158,1,0
15,12,5,3.3389882134396736,1,0
15,11,5,3.141592653589793,0,3
4,15,2,3.141592653589793,0,3
4,15,2,3.141592653589793,0,3
4,15,2,3.141592653589793,0,3
15,15,15,5.9917285127017195,0,1
15,15,1,5.977306435774734,0,1
15,15,1,5.961434752782944,0,1
15,15,1,5.943892692725542,0,1
15,15,1,5.924414636909014,0,1
15,15,1,5.902678930067221,0,1
15,15,1,5.878293520894503,0,1
15,15,1,5.850777531609048,0,1
15,14,1,5.81953769817878,0,1
15,13,1,5.783838585499456,0,1
15,12,1,5.742765806909002,0,1
15,11,1,5.695182703632018,0,1
15,10,1,5.639684198386302,0,1
15,9,1,5.574559035051916,0,1
5,8,1,5.497787143782138,0,1
5,7,1,5.407127256581393,0,1
5,6,1,5.3003915839322575,0,1
15,5,1,5.176036589385496,0,1
15,4,1,5.034139534781332,0,1
15,3,1,4.877537657799317,0,0
15,15,3,4.90978454023457,0,0
15,15,3,4.957367643511554,0,0
15,15,3,5.034139534781332,0,0
15,15,3,5.176036589385496,0,0
15,1,15,3.079173843593836,0,3
1,15,5,3.0750244898139694,0,3
1,15,5,3.070285188804503,0,3
1,15,5,3.064820762320015,0,3
12,15,5,3.058451421701352,0,3
12,15,5,3.050932766389048,0,2
15,4,15,3.141592653589793,0,3
13,15,4,3.141592653589793,0,3
13,15,4,3.141592653589793,0,3
13,15,4,3.141592653589793,0,3
13,15,4,3.141592653589793,0,3
13,15,4,3.141592653589793,0,3
13,15,4,3.141592653589793,0,3
13,14,4,3.141592653589793,0,3
13,13,4,3.141592653589793,0,3
13,12,4,3.141592653589793,0,3
2,15,15,2.909035711784884,0,2
2,15,15,2.9340964271545906,0,2
2,15,15,2.9594243431170297,0,3
10,15,15,2.9546133836708823,0,3
10,15,15,2.949544636349063,0,3
10,15,15,2.9441970937399127,0,3
3,15,3,2.938547436336328,0,3
3,15,3,2.9325697107835285,0,3
3,15,3,2.926234953892055,0,3
3,15,3,2.9195107516843133,0,3
3,15,3,2.912360720312798,0,3
3,15,3,2.904743892642873,0,3
3,15,3,2.896613990462929,0,3
3,15,3,2.8879185574511506,0,3
3,15,3,2.8785979219088738,0,3
3,15,3,2.8685839505030826,0,3
3,15,3,2.8577985443814655,0,3
3,15,3,2.8461518164460733,0,3
3,15,3,2.833539872566017,0,3
3,15,3,2.819842099193151,0,3
3,15,3,2.804917834203066,0,3
3,15,3,2.788602265762883,0,3
3,15,3,2.770701364777131,0,3
3,15,3,2.7509856098921066,0,3
3,15,3,2.729182211992406,0,3
3,15,3,2.704965493776252,0,3
3,15,3,2.677945044588987,0,3
3,15,3,2.647651284670212,0,3
3,15,3,2.6135182051634334,0,3
3,15,3,2.5748634360662868,0,3
3,15,3,2.5308666892005847,0,3
3,15,3,2.4805494847391065,0,3
3,15,3,2.4227626539681686,0,3
3,15,3,2.356194490192345,0,3
3,15,3,2.279422598922567,0,3
3,15,3,2.191045812777718,0,3
3,15,3,2.0899424410414196,0,3
3,15,3,1.97568811307998,0,3
3,15,3,1.849095985800008,0,3
3,15,3,1.7126933813990606,0,3
3,15,3,1.5707963267948966,0,3
3,14,3,1.4288992721907328,0,2
15,2,14,1.4056476493802699,0,2
15,1,14,1.373400766945016,1,1
5,15,1,1.5707963267948966,1,1
5,15,1,1.7681918866447774,1,1
5,15,1,1.9513027039072615,1,1
5,15,1,2.1112158270654806,1,1
5,15,1,2.2455372690184494,1,1
5,15,1,2.356194490192345,1,1
5,15,1,2.44685437739309,1,1
5,15,1,2.5213431676069717,1,1
5,15,1,2.5829933382462307,1,1
5,15,1,2.6344941491974563,1,1
5,15,1,2.677945044588987,1,1
5,15,1,2.714965160462917,1,1
5,15,1,2.746801533890032,1,1
5,15,1,2.774418819771574,1,1
5,15,1,2.79856871316909,1,1
5,15,1,2.819842099193151,1,1
5,15,1,2.838707785214822,1,1
5,15,1,2.8555412118724752,1,1
5,15,1,2.8706458032513726,1,1
5,15,1,2.8842689386187046,1,1
5,15,1,2.896613990462929,1,1
5,15,1,2.907849472720892,1,1
5,15,1,2.91811605244916,1,1
5,15,1,2.9275319700259717,1,1
5,15,1,2.936197264400026,1,1
5,15,1,2.9441970937399127,1,1
5,14,1,2.9516043656710775,1,1
5,13,1,2.958481836327309,1,1
5,12,1,2.964883797519757,1,1
5,11,1,2.9708574421145104,1,1
5,10,1,2.976443976175166,1,1
5,9,1,2.981679530431574,1,1
5,8,1,2.9865959116658525,1,1
5,7,1,2.9912212255826587,1,1
5,6,1,2.995580395878518,1,1
12,5,15,2.999695598985629,1,2
5,15,1,3.027800646446085,1,2
5,15,1,3.0560873599115888,1,2
5,15,1,3.0845118711835284,1,2
5,15,15,3.113028995751033,0,3
1,15,5,3.112189365385788,0,3
1,15,5,3.111298893671018,0,3
1,15,5,3.110352820159525,0,3
1,15,15,3.109345771154539,0,3
1,15,15,3.108271657711546,0,3
1,15,15,3.107123552590285,0,3
1,15,15,3.1058935409104693,0,3
1,15,15,3.104572537715863,0,3
1,15,15,3.1031500635686053,0,3
1,15,15,3.1016139664665032,0,3
1,15,15,3.099950074491205,0,3
1,15,15,3.0981417581982624,0,3
1,15,15,3.096169374168216,0,3
1,15,15,3.0940095503128098,0,3
1,15,15,3.0916342578678506,0,3
1,15,15,3.0890095919788516,0,3
1,15,15,3.0860941483440762,0,2
15,15,15,3.141592653589793,0,3
2,15,4,3.141592653589793,0,3
2,15,4,3.141592653589793,0,3
2,15,4,3.141592653589793,0,3
2,15,4,3.141592653589793,0,3
2,15,4,3.141592653589793,0,3
2,15,4,3.141592653589793,0,3
2,15,4,3.141592653589793,0,3
2,15,4,3.141592653589793,0,3
2,15,4,3.141592653589793,0,3
2,15,4,3.141592653589793,0,3
2,15,15,3.141592653589793,0,3
2,15,15,3.141592653589793,0,3
2,15,15,3.141592653589793,0,3
2,15,15,3.141592653589793,0,3
2,15,15,3.141592653589793,0,3
2,15,15,3.141592653589793,0,3
15,5,8,6.085789747329706,0,0
5,15,1,6.118036629764959,1,0
5,15,1,6.1506337748829125,1,0
5,15,1,6.183516654688424,1,0
5,15,15,6.216617143403762,1,0
5,15,15,6.249864311301339,1,1
4,15,2,6.248716206180078,1,1
4,15,2,6.247486194500262,1,1
4,15,2,6.246165191305656,0,0
8,3,15,0.0,0,1
3,15,3,0.0,0,1
3,15,14,0.0,0,1
3,15,14,0.0,0,1
3,15,14,0.0,0,1
3,15,14,0.0,0,1
3,15,14,0.0,0,1
3,15,14,0.0,0,1
3,15,14,0.0,0,1
3,15,14,0.0,0,1
3,15,14,0.0,0,1
3,15,14,0.0,0,1
3,15,14,0.0,0,1
3,15,14,0.0,0,1
3,15,14,0.0,0,1
3,15,3,0.0,0,1
3,15,3,0.0,0,1
3,15,3,0.0,0,1
3,15,3,0.0,0,1
3,15,3,0.0,0,1
3,15,3,0.0,0,1
3,15,3,0.0,0,1
3,15,3,0.0,0,1
3,15,3,0.0,0,1
3,15,3,0.0,0,1
3,15,14,0.0,0,1
